ID,Nombres,Apellidos,Username,Correo,Cedula,Telefono,Especialidad,FechaRegistro
M0001,Victor,Medina Cerda,dmedina64,dmedina64@clinica.ec,0902341718,0950124048,Pediatría,2022-06-10
M0002,Sandra,Perez Ramos,dperez63,dperez63@clinica.ec,0304603913,0927298453,Psiquiatría,2020-01-09
M0003,Nicolas,Guzmán Cerda,dguzman65,dguzman65@clinica.ec,2450694928,0997938952,Cardiología,2021-02-05
M0004,Raul,Medina Chávez,dmedina65,dmedina65@clinica.ec,0840897961,0921530517,Medicina General,2020-03-09
M0005,Ricardo,Espinoza Chávez,despinoza49,despinoza49@clinica.ec,1154439598,0928856337,Traumatología,2020-12-17
M0006,David,Herrera Reyes,dherrera65,dherrera65@clinica.ec,1304269192,0927464672,Medicina General,2021-12-02
M0007,Beatriz,Vega Ramirez,dvega66,dvega66@clinica.ec,2127334569,0983833391,Cardiología,2023-04-09
M0008,Verónica,Jimenez Vargas,djimenez54,djimenez54@clinica.ec,1852742947,0935043234,Oncología,2020-08-15
M0009,Lorena,Rivera Cruz,drivera58,drivera58@clinica.ec,0752807180,0912771696,Neurología,2023-01-09
M0010,Elena,Tapuy Ramirez,dtapuy65,dtapuy65@clinica.ec,0745223339,0934174400,Pediatría,2022-05-11
M0011,Daniel,Gomez Benítez,dgomez65,dgomez65@clinica.ec,1724378029,0979642981,Cardiología,2021-10-28
M0012,Victor,Ramos Chávez,dramos56,dramos56@clinica.ec,0554098467,0969101757,Neurología,2022-10-11
M0013,Eduardo,Chávez Perez,dchavez53,dchavez53@clinica.ec,1405597202,0923061406,Medicina General,2023-03-09
M0014,Natalia,Guzmán Romero,dguzman66,dguzman66@clinica.ec,1644438325,0998099652,Neumología,2021-11-17
M0015,Raul,Reyes Guzmán,dreyes73,dreyes73@clinica.ec,1946967229,0904881187,Neurología,2022-12-27
M0016,Ivan,Cerda Jimenez,dcerda64,dcerda64@clinica.ec,1756075527,0905729191,Cardiología,2022-01-31
M0017,Hugo,Cáceres Rivera,dcaceres58,dcaceres58@clinica.ec,2215109394,0942447315,Neumología,2020-11-18
M0018,Verónica,Rivera Figueroa,drivera59,drivera59@clinica.ec,1518586829,0905750395,Medicina General,2021-07-27
M0019,Nicolas,Lopez Ortega,dlopez75,dlopez75@clinica.ec,2311406645,0984216365,Pediatría,2021-11-08
M0020,Raul,Cerda Ramirez,dcerda65,dcerda65@clinica.ec,2344536285,0960286224,Traumatología,2020-04-09
M0021,Diana,Rodriguez Shiguango,drodriguez66,drodriguez66@clinica.ec,1056448408,0909258874,Oftalmología,2020-06-21
M0022,Sergio,Ortega Espinoza,dortega69,dortega69@clinica.ec,0716139027,0964116444,Oncología,2023-10-31
M0023,Fabian,Flores Ortega,dflores52,dflores52@clinica.ec,1430107431,0900295745,Urología,2022-05-25
M0024,Carla,Medina Guzmán,dmedina66,dmedina66@clinica.ec,2413348232,0950041955,Ginecología,2021-06-04
M0025,Beatriz,Cerda Reyes,dcerda66,dcerda66@clinica.ec,1200353090,0975444987,Gastroenterología,2021-06-27
M0026,Diego,Espinoza Flores,despinoza50,despinoza50@clinica.ec,1433718671,0918271929,Gastroenterología,2021-09-29
M0027,Marcela,Alvarado Flores,dalvarado68,dalvarado68@clinica.ec,1038896914,0956649348,Oftalmología,2020-09-05
M0028,Claudia,Rivera Morales,drivera60,drivera60@clinica.ec,2241347141,0911068194,Medicina General,2022-11-11
M0029,Eduardo,Reyes Romero,dreyes74,dreyes74@clinica.ec,1533994099,0906119405,Ginecología,2023-01-20
M0030,Fernando,Grefa Benítez,dgrefa62,dgrefa62@clinica.ec,0321872657,0978042960,Endocrinología,2023-10-05
M0031,Sergio,Figueroa Mendez,dfigueroa65,dfigueroa65@clinica.ec,0755842994,0964626901,Neumología,2022-02-06
M0032,Cristian,Perez Ortega,dperez64,dperez64@clinica.ec,1820302980,0968748600,Psiquiatría,2023-05-20
M0033,Claudia,Perez Rivera,dperez65,dperez65@clinica.ec,1952053625,0938679331,Neumología,2023-06-15
M0034,Paola,Alvarado Perez,dalvarado69,dalvarado69@clinica.ec,0745301085,0944182424,Oncología,2021-01-26
M0035,Patricia,Cáceres Rivera,dcaceres59,dcaceres59@clinica.ec,0205401664,0940016438,Gastroenterología,2022-03-08
M0036,Maria,Gomez Ruiz,dgomez66,dgomez66@clinica.ec,2347776987,0957667214,Endocrinología,2020-12-07
M0037,Ana,Castillo Morales,dcastillo46,dcastillo46@clinica.ec,1636101337,0913938392,Oftalmología,2020-08-16
M0038,Ivan,Gomez Reyes,dgomez67,dgomez67@clinica.ec,2104884115,0927228738,Gastroenterología,2022-04-25
M0039,Adriana,Tapuy Cerda,dtapuy66,dtapuy66@clinica.ec,1637542877,0959502923,Oftalmología,2022-07-27
M0040,Lorena,Perez Romero,dperez66,dperez66@clinica.ec,1336050263,0906417090,Psiquiatría,2021-01-31
M0041,Raul,Ruiz Torres,druiz61,druiz61@clinica.ec,0752241000,0977867634,Endocrinología,2023-02-06
M0042,Hugo,Flores Ortega,dflores53,dflores53@clinica.ec,1006366502,0993829752,Neumología,2021-08-16
M0043,Verónica,Figueroa Vega,dfigueroa66,dfigueroa66@clinica.ec,0352062855,0975720004,Urología,2023-02-12
M0044,Roberto,Martinez Ramos,dmartinez55,dmartinez55@clinica.ec,0309044204,0944728254,Ginecología,2021-05-02
M0045,Paola,Flores Vargas,dflores54,dflores54@clinica.ec,0322808098,0926276411,Endocrinología,2020-11-14
M0046,Diego,Perez Cerda,dperez67,dperez67@clinica.ec,0210575908,0963597509,Neurología,2021-04-13
M0047,Adriana,Vargas Rodriguez,dvargas58,dvargas58@clinica.ec,1224383719,0960157837,Ginecología,2020-04-23
M0048,Oscar,Shiguango Castro,dshiguango58,dshiguango58@clinica.ec,2218637300,0939171915,Oncología,2020-08-14
M0049,Ricardo,Ramos Alvarado,dramos57,dramos57@clinica.ec,1511521914,0977036207,Pediatría,2021-07-04
M0050,Andrea,Chávez Gomez,dchavez54,dchavez54@clinica.ec,2102651276,0944332437,Medicina General,2022-09-14
M0051,Isabel,Reyes Alvarado,dreyes75,dreyes75@clinica.ec,0228976569,0925361384,Ginecología,2023-10-28
M0052,Manuel,Shiguango Rivera,dshiguango59,dshiguango59@clinica.ec,0732992920,0944076098,Dermatología,2020-05-19
M0053,Diego,Grefa Rodriguez,dgrefa63,dgrefa63@clinica.ec,1503165928,0937540513,Urología,2021-01-02
M0054,Claudia,Flores Garcia,dflores55,dflores55@clinica.ec,1552969691,0919637379,Traumatología,2020-08-29
M0055,Lorena,Grefa Ramirez,dgrefa64,dgrefa64@clinica.ec,1948214414,0922754440,Neurología,2023-02-11
M0056,Carla,Cerda Castillo,dcerda67,dcerda67@clinica.ec,2355218906,0906651753,Oftalmología,2020-04-08
M0057,Diana,Medina Cáceres,dmedina67,dmedina67@clinica.ec,2043664206,0974696936,Reumatología,2021-09-06
M0058,Laura,Mendez Figueroa,dmendez65,dmendez65@clinica.ec,0803991215,0939178772,Ginecología,2021-05-01
M0059,Marcela,Grefa Cruz,dgrefa65,dgrefa65@clinica.ec,1806319974,0994458264,Medicina General,2020-05-16
M0060,Miguel,Rodriguez Alvarado,drodriguez67,drodriguez67@clinica.ec,2101478671,0947900777,Pediatría,2020-09-27
M0061,Valeria,Flores Ramirez,dflores56,dflores56@clinica.ec,1024725846,0966684507,Dermatología,2023-10-03
M0062,Sandra,Rivera Castro,drivera61,drivera61@clinica.ec,2422293932,0957123401,Gastroenterología,2020-02-11
M0063,Ricardo,Cerda Ortega,dcerda68,dcerda68@clinica.ec,1745018745,0995293765,Ginecología,2020-09-01
M0064,Sebastian,Rivera Rivera,drivera62,drivera62@clinica.ec,0546719915,0957692580,Oncología,2023-11-02
M0065,Beatriz,Tapuy Gonzalez,dtapuy67,dtapuy67@clinica.ec,2358235642,0982794458,Neurología,2020-11-29
M0066,Diana,Cruz Reyes,dcruz71,dcruz71@clinica.ec,2059246690,0920895186,Oncología,2020-09-11
M0067,Paola,Vega Diaz,dvega67,dvega67@clinica.ec,0727046377,0978029084,Neumología,2021-08-11
M0068,Nicolas,Castro Cáceres,dcastro70,dcastro70@clinica.ec,1135410759,0922043805,Neumología,2020-11-24
M0069,Eduardo,Grefa Benítez,dgrefa66,dgrefa66@clinica.ec,2313042679,0950974052,Gastroenterología,2023-07-07
M0070,Sebastian,Martinez Ortega,dmartinez56,dmartinez56@clinica.ec,0618368583,0962354708,Urología,2020-09-15
M0071,Luis,Martinez Ramirez,dmartinez57,dmartinez57@clinica.ec,1457109385,0968145128,Ginecología,2022-04-25
M0072,Carmen,Grefa Diaz,dgrefa67,dgrefa67@clinica.ec,0915149306,0941918738,Endocrinología,2022-05-06
M0073,Silvia,Castillo Vargas,dcastillo47,dcastillo47@clinica.ec,2035681713,0915352597,Ginecología,2023-04-17
M0074,Jorge,Alvarado Ruiz,dalvarado70,dalvarado70@clinica.ec,0437646383,0935907399,Psiquiatría,2021-10-18
M0075,Ana,Chávez Medina,dchavez55,dchavez55@clinica.ec,0410594618,0904752393,Psiquiatría,2021-12-19
M0076,Sandra,Rivera Grefa,drivera63,drivera63@clinica.ec,0214556953,0911126021,Traumatología,2020-12-04
M0077,Manuel,Perez Ramos,dperez68,dperez68@clinica.ec,1050673928,0954291468,Endocrinología,2022-05-30
M0078,Rodrigo,Cruz Chávez,dcruz72,dcruz72@clinica.ec,0237738745,0952574086,Medicina General,2020-11-09
M0079,Adriana,Grefa Shiguango,dgrefa68,dgrefa68@clinica.ec,2432273395,0910191018,Cardiología,2022-07-27
M0080,Isabel,Tapuy Herrera,dtapuy68,dtapuy68@clinica.ec,1853709515,0907876590,Gastroenterología,2021-11-29
M0081,Ricardo,Aguilar Grefa,daguilar56,daguilar56@clinica.ec,1004744742,0910954503,Dermatología,2020-01-15
M0082,Pablo,Sanchez Alvarado,dsanchez52,dsanchez52@clinica.ec,0648773778,0904260005,Oncología,2023-09-05
M0083,Patricia,Chávez Chávez,dchavez56,dchavez56@clinica.ec,2301926552,0937597312,Neumología,2022-06-05
M0084,Raul,Cáceres Martinez,dcaceres60,dcaceres60@clinica.ec,1251730667,0912134678,Reumatología,2023-01-09
M0085,Rosa,Rodriguez Vargas,drodriguez68,drodriguez68@clinica.ec,1949084444,0930168039,Reumatología,2020-04-20
M0086,Roberto,Figueroa Benítez,dfigueroa67,dfigueroa67@clinica.ec,1909103341,0975982476,Neurología,2021-12-03
M0087,Daniela,Grefa Vega,dgrefa69,dgrefa69@clinica.ec,0342758455,0906724822,Endocrinología,2023-10-01
M0088,Patricia,Sanchez Cruz,dsanchez53,dsanchez53@clinica.ec,2053813420,0947925183,Oftalmología,2022-04-16
M0089,Sergio,Jimenez Jimenez,djimenez55,djimenez55@clinica.ec,1212227456,0906233264,Medicina General,2022-01-20
M0090,Elena,Reyes Flores,dreyes76,dreyes76@clinica.ec,1619476243,0942550741,Endocrinología,2023-02-20
M0091,Jorge,Guzmán Ramirez,dguzman67,dguzman67@clinica.ec,0159103654,0916297121,Dermatología,2021-04-25
M0092,Nicolas,Benítez Guzmán,dbenitez64,dbenitez64@clinica.ec,0402138846,0965961912,Urología,2022-09-05
M0093,Roberto,Romero Benítez,dromero69,dromero69@clinica.ec,1223964956,0934449256,Cardiología,2023-10-23
M0094,Ricardo,Ramirez Garcia,dramirez76,dramirez76@clinica.ec,1445547258,0993613104,Medicina General,2020-04-20
M0095,Sandra,Figueroa Benítez,dfigueroa68,dfigueroa68@clinica.ec,1027065646,0947042481,Neumología,2020-04-02
M0096,Lorena,Jimenez Flores,djimenez56,djimenez56@clinica.ec,0307172536,0913737443,Medicina General,2023-06-16
M0097,Daniel,Sanchez Grefa,dsanchez54,dsanchez54@clinica.ec,0814580627,0984494961,Gastroenterología,2023-02-07
M0098,Sandra,Castro Medina,dcastro71,dcastro71@clinica.ec,2423053863,0938301049,Reumatología,2020-08-05
M0099,David,Aguilar Grefa,daguilar57,daguilar57@clinica.ec,1527395105,0935640469,Endocrinología,2021-12-30
M0100,Diana,Romero Shiguango,dromero70,dromero70@clinica.ec,2300937832,0969089749,Ginecología,2022-09-22
M0101,Lorena,Martinez Rodriguez,dmartinez58,dmartinez58@clinica.ec,1342201355,0974668600,Gastroenterología,2023-06-21
M0102,Fernanda,Grefa Ruiz,dgrefa70,dgrefa70@clinica.ec,0735478976,0905088348,Ginecología,2020-08-06
M0103,David,Sanchez Rodriguez,dsanchez55,dsanchez55@clinica.ec,1008886937,0952885550,Cardiología,2023-07-25
M0104,Maria,Chávez Martinez,dchavez57,dchavez57@clinica.ec,1733446973,0911798190,Oftalmología,2023-12-16
M0105,Gabriela,Cáceres Alvarado,dcaceres61,dcaceres61@clinica.ec,1918040948,0979614404,Urología,2021-04-18
M0106,Adriana,Herrera Vargas,dherrera66,dherrera66@clinica.ec,0106948219,0946897042,Oftalmología,2022-10-27
M0107,Diana,Castro Morales,dcastro72,dcastro72@clinica.ec,0953605706,0909257077,Dermatología,2022-09-05
M0108,Lorena,Cruz Rivera,dcruz73,dcruz73@clinica.ec,0913793402,0976662129,Endocrinología,2023-02-18
M0109,Monica,Lopez Vega,dlopez76,dlopez76@clinica.ec,0743875858,0914995611,Urología,2023-09-19
M0110,Jorge,Gomez Tapuy,dgomez68,dgomez68@clinica.ec,0304924780,0990192740,Cardiología,2020-11-11
M0111,Ana,Medina Vega,dmedina68,dmedina68@clinica.ec,1605466661,0971499851,Gastroenterología,2023-05-03
M0112,Marcela,Ramirez Medina,dramirez77,dramirez77@clinica.ec,1349982767,0958624108,Gastroenterología,2022-06-18
M0113,Verónica,Figueroa Ortega,dfigueroa69,dfigueroa69@clinica.ec,1810004778,0948020464,Urología,2023-10-06
M0114,Victor,Rodriguez Ruiz,drodriguez69,drodriguez69@clinica.ec,0418228979,0902617154,Ginecología,2023-12-20
M0115,Sebastian,Gomez Reyes,dgomez69,dgomez69@clinica.ec,1158539302,0965090046,Psiquiatría,2020-10-05
M0116,Teresa,Cruz Ruiz,dcruz74,dcruz74@clinica.ec,0456163633,0948858867,Gastroenterología,2020-05-26
M0117,Nicolas,Romero Jimenez,dromero71,dromero71@clinica.ec,1939760094,0964584577,Oncología,2020-09-21
M0118,Manuel,Martinez Aguilar,dmartinez59,dmartinez59@clinica.ec,2028988471,0928792608,Pediatría,2021-09-07
M0119,Fernando,Diaz Castillo,ddiaz56,ddiaz56@clinica.ec,1910392511,0960034195,Neurología,2020-06-01
M0120,Elena,Ramirez Ruiz,dramirez78,dramirez78@clinica.ec,0450972187,0978672379,Cardiología,2020-10-02
M0121,Lucia,Figueroa Aguilar,dfigueroa70,dfigueroa70@clinica.ec,0236434569,0934311408,Endocrinología,2021-05-07
M0122,Fabian,Martinez Romero,dmartinez60,dmartinez60@clinica.ec,0206666695,0963984946,Cardiología,2020-12-27
M0123,Laura,Herrera Gomez,dherrera67,dherrera67@clinica.ec,0457580728,0907838863,Ginecología,2022-07-30
M0124,Valeria,Sanchez Castillo,dsanchez56,dsanchez56@clinica.ec,1647565413,0983658190,Oftalmología,2022-04-03
M0125,Carla,Herrera Benítez,dherrera68,dherrera68@clinica.ec,2226454672,0940400055,Urología,2023-05-24
M0126,Daniel,Benítez Cerda,dbenitez65,dbenitez65@clinica.ec,0608170726,0938439932,Traumatología,2020-09-21
M0127,Luis,Alvarado Espinoza,dalvarado71,dalvarado71@clinica.ec,1833950460,0995737688,Dermatología,2023-06-17
M0128,Alejandro,Aguilar Gomez,daguilar58,daguilar58@clinica.ec,2211307810,0953256309,Urología,2021-04-20
M0129,Andrea,Chávez Herrera,dchavez58,dchavez58@clinica.ec,0859715690,0904162963,Medicina General,2021-03-29
M0130,Diego,Martinez Shiguango,dmartinez61,dmartinez61@clinica.ec,2332455860,0928212663,Pediatría,2020-05-15
M0131,Patricia,Espinoza Morales,despinoza51,despinoza51@clinica.ec,1255086934,0983445016,Neurología,2020-09-16
M0132,Nicolas,Morales Chávez,dmorales58,dmorales58@clinica.ec,1004206320,0989714447,Neumología,2021-09-10
M0133,Diego,Grefa Aguilar,dgrefa71,dgrefa71@clinica.ec,1218088654,0996608132,Neumología,2022-11-01
M0134,Marcela,Martinez Herrera,dmartinez62,dmartinez62@clinica.ec,0905509675,0982117667,Gastroenterología,2020-06-30
M0135,Ricardo,Cruz Ortega,dcruz75,dcruz75@clinica.ec,2355194529,0917926884,Ginecología,2022-05-08
M0136,Nicolas,Tapuy Vargas,dtapuy69,dtapuy69@clinica.ec,1325455226,0981106579,Neurología,2022-06-06
M0137,Carlos,Ramirez Chávez,dramirez79,dramirez79@clinica.ec,0806313730,0927759769,Gastroenterología,2022-10-23
M0138,Miguel,Rodriguez Aguilar,drodriguez70,drodriguez70@clinica.ec,1853866257,0929529390,Neumología,2020-11-05
M0139,Sergio,Espinoza Lopez,despinoza52,despinoza52@clinica.ec,1919681997,0946437140,Ginecología,2020-05-27
M0140,Adriana,Torres Cruz,dtorres57,dtorres57@clinica.ec,1054250343,0970945130,Psiquiatría,2020-07-08
M0141,Diana,Perez Diaz,dperez69,dperez69@clinica.ec,1409136890,0947776641,Medicina General,2022-02-14
M0142,Oscar,Flores Ramirez,dflores57,dflores57@clinica.ec,0325918449,0950450974,Neumología,2020-09-30
M0143,Gabriel,Medina Alvarado,dmedina69,dmedina69@clinica.ec,0117963769,0961011011,Ginecología,2022-09-27
M0144,Valeria,Aguilar Cerda,daguilar59,daguilar59@clinica.ec,0648979888,0940872678,Gastroenterología,2020-03-21
M0145,Roberto,Alvarado Vega,dalvarado72,dalvarado72@clinica.ec,0338049950,0956084275,Oftalmología,2020-02-05
M0146,Andres,Vega Martinez,dvega68,dvega68@clinica.ec,0121657597,0909561410,Cardiología,2020-07-11
M0147,Hugo,Vega Ramos,dvega69,dvega69@clinica.ec,0101313229,0999829165,Gastroenterología,2021-03-10
M0148,Eduardo,Garcia Chávez,dgarcia68,dgarcia68@clinica.ec,1354576959,0973184667,Dermatología,2023-01-26
M0149,Fabian,Rivera Gonzalez,drivera64,drivera64@clinica.ec,1117936003,0943035548,Ginecología,2021-02-06
M0150,Carmen,Espinoza Aguilar,despinoza53,despinoza53@clinica.ec,2319061020,0944124445,Traumatología,2020-10-27
M0151,Diego,Lopez Martinez,dlopez77,dlopez77@clinica.ec,1441226949,0995485466,Cardiología,2020-03-23
M0152,Patricia,Ramirez Reyes,dramirez80,dramirez80@clinica.ec,1133786408,0979299984,Gastroenterología,2022-08-21
M0153,Valeria,Torres Medina,dtorres58,dtorres58@clinica.ec,1653440709,0986099817,Traumatología,2020-06-18
M0154,Victor,Gonzalez Romero,dgonzalez74,dgonzalez74@clinica.ec,1015748922,0947870926,Oncología,2020-02-05
M0155,Isabel,Gonzalez Ruiz,dgonzalez75,dgonzalez75@clinica.ec,2130153527,0937758377,Dermatología,2020-11-27
M0156,Gabriela,Ramirez Cáceres,dramirez81,dramirez81@clinica.ec,0852696921,0995975300,Neurología,2020-01-20
M0157,Gabriel,Torres Benítez,dtorres59,dtorres59@clinica.ec,1912650791,0901512389,Traumatología,2022-02-13
M0158,Monica,Lopez Aguilar,dlopez78,dlopez78@clinica.ec,1341835666,0966777788,Traumatología,2022-09-30
M0159,Verónica,Figueroa Diaz,dfigueroa71,dfigueroa71@clinica.ec,1639038668,0996122531,Gastroenterología,2021-04-13
M0160,David,Ramirez Cerda,dramirez82,dramirez82@clinica.ec,1415572153,0961884801,Neurología,2020-02-28
M0161,Beatriz,Cáceres Espinoza,dcaceres62,dcaceres62@clinica.ec,1952577466,0946372818,Psiquiatría,2023-06-01
M0162,Patricio,Castillo Espinoza,dcastillo48,dcastillo48@clinica.ec,0359786787,0980691687,Cardiología,2020-03-01
M0163,Ivan,Flores Alvarado,dflores58,dflores58@clinica.ec,1951571338,0994577754,Oncología,2022-10-03
M0164,Monica,Gomez Cruz,dgomez70,dgomez70@clinica.ec,2328503178,0924652889,Gastroenterología,2023-05-16
M0165,Sebastian,Diaz Cerda,ddiaz57,ddiaz57@clinica.ec,0230918286,0991393248,Medicina General,2023-10-05
M0166,Eduardo,Morales Jimenez,dmorales59,dmorales59@clinica.ec,0551185473,0917111120,Oncología,2022-05-07
M0167,Marcela,Diaz Rivera,ddiaz58,ddiaz58@clinica.ec,0459040671,0947644803,Urología,2021-01-26
M0168,Natalia,Garcia Vega,dgarcia69,dgarcia69@clinica.ec,0331063537,0984313253,Medicina General,2021-06-28
M0169,Nicolas,Rivera Jimenez,drivera65,drivera65@clinica.ec,0332828490,0994755020,Pediatría,2020-11-02
M0170,Luis,Diaz Diaz,ddiaz59,ddiaz59@clinica.ec,1903774642,0978150229,Oncología,2022-01-04
M0171,Carmen,Sanchez Espinoza,dsanchez57,dsanchez57@clinica.ec,1118154077,0907414290,Neurología,2022-10-28
M0172,Paola,Figueroa Lopez,dfigueroa72,dfigueroa72@clinica.ec,1233093549,0983843407,Reumatología,2022-03-22
M0173,Valeria,Cáceres Ruiz,dcaceres63,dcaceres63@clinica.ec,0408558039,0982875627,Traumatología,2020-03-22
M0174,Lorena,Diaz Ramos,ddiaz60,ddiaz60@clinica.ec,0233294156,0909256698,Endocrinología,2023-09-27
M0175,Adriana,Ramos Sanchez,dramos58,dramos58@clinica.ec,1120899065,0927137684,Neumología,2022-07-09
M0176,Sandra,Chávez Perez,dchavez59,dchavez59@clinica.ec,2253911867,0949127055,Traumatología,2021-10-13
M0177,Maria,Shiguango Rivera,dshiguango60,dshiguango60@clinica.ec,1427892581,0943691162,Traumatología,2020-11-01
M0178,David,Shiguango Morales,dshiguango61,dshiguango61@clinica.ec,1818398792,0992063184,Gastroenterología,2021-02-24
M0179,Alejandro,Shiguango Figueroa,dshiguango62,dshiguango62@clinica.ec,2253007054,0941445607,Ginecología,2021-04-23
M0180,Monica,Benítez Perez,dbenitez66,dbenitez66@clinica.ec,1311942690,0917108819,Oftalmología,2020-05-21
M0181,Fernando,Alvarado Ruiz,dalvarado73,dalvarado73@clinica.ec,2052350861,0928560807,Dermatología,2021-04-30
M0182,Oscar,Cerda Sanchez,dcerda69,dcerda69@clinica.ec,1719139709,0907960109,Ginecología,2021-06-21
M0183,David,Rodriguez Morales,drodriguez71,drodriguez71@clinica.ec,1840227571,0914621180,Traumatología,2020-10-10
M0184,Raul,Romero Ruiz,dromero72,dromero72@clinica.ec,1734743733,0967309593,Medicina General,2023-12-29
M0185,Antonio,Flores Castro,dflores59,dflores59@clinica.ec,1938975032,0916521881,Neumología,2020-04-28
M0186,Verónica,Herrera Cruz,dherrera69,dherrera69@clinica.ec,1804252375,0964960347,Cardiología,2020-11-07
M0187,Alejandro,Mendez Chávez,dmendez66,dmendez66@clinica.ec,2338681477,0949105210,Pediatría,2021-05-16
M0188,Marcela,Vega Jimenez,dvega70,dvega70@clinica.ec,1724038508,0951473683,Cardiología,2023-06-14
M0189,Miguel,Alvarado Ramirez,dalvarado74,dalvarado74@clinica.ec,1607711718,0930054343,Dermatología,2021-03-21
M0190,Eduardo,Ramos Tapuy,dramos59,dramos59@clinica.ec,0346487077,0999460126,Ginecología,2023-08-14
M0191,Fabian,Grefa Castillo,dgrefa72,dgrefa72@clinica.ec,1848839484,0970609445,Pediatría,2021-12-15
M0192,Marcela,Espinoza Shiguango,despinoza54,despinoza54@clinica.ec,0526331657,0940959702,Traumatología,2020-09-22
M0193,Elena,Cáceres Garcia,dcaceres64,dcaceres64@clinica.ec,1840491094,0959075298,Medicina General,2022-12-29
M0194,Maria,Morales Reyes,dmorales60,dmorales60@clinica.ec,1036432944,0913554672,Gastroenterología,2022-11-14
M0195,Eduardo,Ramos Figueroa,dramos60,dramos60@clinica.ec,0538292657,0941551985,Medicina General,2021-08-09
M0196,Luis,Cerda Ortega,dcerda70,dcerda70@clinica.ec,0959926619,0962911308,Ginecología,2023-11-03
M0197,Jorge,Cáceres Ramirez,dcaceres65,dcaceres65@clinica.ec,0922454707,0910592958,Ginecología,2021-11-12
M0198,Eduardo,Medina Sanchez,dmedina70,dmedina70@clinica.ec,2144455371,0903628368,Traumatología,2020-01-03
M0199,Monica,Ramirez Aguilar,dramirez83,dramirez83@clinica.ec,0408363596,0918824130,Dermatología,2023-01-03
M0200,Sergio,Castro Mendez,dcastro73,dcastro73@clinica.ec,1854704770,0959235357,Neurología,2020-07-29
M0201,Daniel,Perez Mendez,dperez70,dperez70@clinica.ec,0532836202,0980008286,Gastroenterología,2022-07-21
M0202,Beatriz,Martinez Cruz,dmartinez63,dmartinez63@clinica.ec,0445896228,0904959611,Ginecología,2021-09-22
M0203,Carlos,Mendez Diaz,dmendez67,dmendez67@clinica.ec,1057585901,0955816765,Ginecología,2023-01-30
M0204,Pablo,Perez Cruz,dperez71,dperez71@clinica.ec,0823354659,0979042664,Reumatología,2023-01-04
M0205,Cristian,Tapuy Cruz,dtapuy70,dtapuy70@clinica.ec,1659399974,0910924010,Psiquiatría,2023-02-12
M0206,Maria,Castillo Ramirez,dcastillo49,dcastillo49@clinica.ec,2052047384,0970450269,Traumatología,2021-12-07
M0207,Camila,Tapuy Vega,dtapuy71,dtapuy71@clinica.ec,1814832919,0953550893,Ginecología,2022-05-16
M0208,Valeria,Medina Perez,dmedina71,dmedina71@clinica.ec,0409460540,0970908161,Neumología,2020-10-23
M0209,Sergio,Figueroa Torres,dfigueroa73,dfigueroa73@clinica.ec,1201663646,0976396283,Reumatología,2021-12-13
M0210,Marcela,Medina Alvarado,dmedina72,dmedina72@clinica.ec,0612452698,0923200857,Dermatología,2023-10-08
M0211,Diego,Diaz Rodriguez,ddiaz61,ddiaz61@clinica.ec,0447625245,0934871567,Psiquiatría,2020-04-12
M0212,Jorge,Mendez Cruz,dmendez68,dmendez68@clinica.ec,2133592838,0944168197,Oncología,2020-08-21
M0213,Gabriela,Tapuy Romero,dtapuy72,dtapuy72@clinica.ec,1031810524,0922243562,Reumatología,2023-12-21
M0214,Lorena,Ortega Torres,dortega70,dortega70@clinica.ec,0439478132,0936118212,Ginecología,2021-01-20
M0215,Isabel,Romero Ramos,dromero73,dromero73@clinica.ec,2021136136,0937246447,Pediatría,2021-10-25
M0216,Ivan,Mendez Ortega,dmendez69,dmendez69@clinica.ec,0946183118,0900050396,Cardiología,2023-01-10
M0217,Patricia,Guzmán Figueroa,dguzman68,dguzman68@clinica.ec,0252384094,0927288224,Psiquiatría,2020-04-26
M0218,David,Vargas Cerda,dvargas59,dvargas59@clinica.ec,1713588844,0995651435,Gastroenterología,2021-01-29
M0219,Sebastian,Mendez Lopez,dmendez70,dmendez70@clinica.ec,2200221717,0929677144,Urología,2023-10-23
M0220,Silvia,Diaz Lopez,ddiaz62,ddiaz62@clinica.ec,2112184052,0993636248,Oncología,2022-05-02
M0221,Daniel,Espinoza Tapuy,despinoza55,despinoza55@clinica.ec,2254432525,0980962851,Ginecología,2022-08-31
M0222,Teresa,Castro Shiguango,dcastro74,dcastro74@clinica.ec,2446539344,0933367865,Ginecología,2021-12-04
M0223,Ivan,Tapuy Cáceres,dtapuy73,dtapuy73@clinica.ec,0812241867,0907974512,Dermatología,2023-02-05
M0224,Paola,Herrera Grefa,dherrera70,dherrera70@clinica.ec,2139411447,0930870816,Oncología,2023-07-15
M0225,Sergio,Grefa Jimenez,dgrefa73,dgrefa73@clinica.ec,1745798668,0960353890,Dermatología,2023-08-09
M0226,Manuel,Rodriguez Gomez,drodriguez72,drodriguez72@clinica.ec,0313168908,0920902988,Medicina General,2023-01-01
M0227,Ricardo,Romero Tapuy,dromero74,dromero74@clinica.ec,0448129437,0939084366,Reumatología,2021-09-07
M0228,Andres,Ortega Gomez,dortega71,dortega71@clinica.ec,1454661693,0972780630,Neumología,2023-05-31
M0229,Elena,Mendez Ramirez,dmendez71,dmendez71@clinica.ec,1411218728,0918190063,Endocrinología,2023-01-21
M0230,Lorena,Castro Benítez,dcastro75,dcastro75@clinica.ec,1359086673,0983386115,Medicina General,2023-04-08
M0231,Sandra,Castillo Morales,dcastillo50,dcastillo50@clinica.ec,1923533952,0920364912,Neurología,2022-07-30
M0232,Nicolas,Rivera Medina,drivera66,drivera66@clinica.ec,2308164272,0901981662,Neurología,2022-07-28
M0233,Sandra,Vargas Aguilar,dvargas60,dvargas60@clinica.ec,0639647528,0938232830,Medicina General,2021-06-04
M0234,Antonio,Rodriguez Castillo,drodriguez73,drodriguez73@clinica.ec,1156297663,0906958708,Urología,2022-06-03
M0235,Daniela,Grefa Torres,dgrefa74,dgrefa74@clinica.ec,1914492994,0994616423,Traumatología,2020-07-28
M0236,Nicolas,Espinoza Castro,despinoza56,despinoza56@clinica.ec,1728520683,0935303838,Urología,2022-12-28
M0237,Sandra,Reyes Chávez,dreyes77,dreyes77@clinica.ec,0754888220,0993156653,Endocrinología,2023-03-25
M0238,Luis,Guzmán Vega,dguzman69,dguzman69@clinica.ec,1632740120,0923334402,Endocrinología,2020-10-15
M0239,Diego,Rivera Castillo,drivera67,drivera67@clinica.ec,0911696177,0968133710,Traumatología,2022-03-07
M0240,Fabian,Sanchez Cruz,dsanchez58,dsanchez58@clinica.ec,0430479832,0933715122,Cardiología,2023-10-12
M0241,Eduardo,Martinez Castro,dmartinez64,dmartinez64@clinica.ec,1925123869,0960652406,Cardiología,2023-10-02
M0242,Carlos,Torres Cerda,dtorres60,dtorres60@clinica.ec,0327835609,0974467655,Endocrinología,2022-02-03
M0243,Fernanda,Castro Ortega,dcastro76,dcastro76@clinica.ec,1714722285,0921244569,Endocrinología,2023-08-02
M0244,Paola,Grefa Herrera,dgrefa75,dgrefa75@clinica.ec,1122699323,0971742670,Neurología,2021-10-10
M0245,Fernando,Aguilar Cerda,daguilar60,daguilar60@clinica.ec,0448851089,0931106708,Pediatría,2021-05-04
M0246,Daniel,Grefa Cruz,dgrefa76,dgrefa76@clinica.ec,0705923043,0977631691,Pediatría,2022-02-15
M0247,Miguel,Mendez Jimenez,dmendez72,dmendez72@clinica.ec,0726289994,0932074626,Psiquiatría,2020-05-02
M0248,Pablo,Herrera Romero,dherrera71,dherrera71@clinica.ec,2303176230,0947495086,Medicina General,2020-05-25
M0249,Rodrigo,Martinez Diaz,dmartinez65,dmartinez65@clinica.ec,2014365262,0962783120,Urología,2023-12-03
M0250,Maria,Ruiz Tapuy,druiz62,druiz62@clinica.ec,1820856431,0957414199,Neumología,2020-02-25
M0251,Lucia,Martinez Figueroa,dmartinez66,dmartinez66@clinica.ec,1631101548,0941153026,Cardiología,2022-01-26
M0252,Rodrigo,Herrera Shiguango,dherrera72,dherrera72@clinica.ec,1611006691,0931491369,Endocrinología,2020-12-24
M0253,Andres,Ramirez Medina,dramirez84,dramirez84@clinica.ec,0627109937,0952341457,Neumología,2023-01-13
M0254,Rodrigo,Sanchez Alvarado,dsanchez59,dsanchez59@clinica.ec,0636497810,0941306253,Gastroenterología,2021-06-03
M0255,Hugo,Rodriguez Figueroa,drodriguez74,drodriguez74@clinica.ec,1055585465,0964763592,Cardiología,2021-01-17
M0256,Rosa,Grefa Chávez,dgrefa77,dgrefa77@clinica.ec,2048602557,0997042090,Dermatología,2023-02-26
M0257,Sandra,Tapuy Cáceres,dtapuy74,dtapuy74@clinica.ec,1546455039,0976917333,Reumatología,2022-12-09
M0258,Patricia,Castro Shiguango,dcastro77,dcastro77@clinica.ec,2255692143,0986079630,Gastroenterología,2021-02-23
M0259,Teresa,Vargas Mendez,dvargas61,dvargas61@clinica.ec,0451798177,0983896024,Endocrinología,2022-08-09
M0260,Laura,Sanchez Cruz,dsanchez60,dsanchez60@clinica.ec,0928045020,0980515148,Neurología,2023-06-05
M0261,Sandra,Gomez Vargas,dgomez71,dgomez71@clinica.ec,1101725057,0932198842,Endocrinología,2022-03-28
M0262,Laura,Sanchez Cerda,dsanchez61,dsanchez61@clinica.ec,1656338629,0919946559,Reumatología,2020-10-24
M0263,Roberto,Cáceres Tapuy,dcaceres66,dcaceres66@clinica.ec,0545358277,0991724580,Ginecología,2021-10-12
M0264,Ana,Lopez Vargas,dlopez79,dlopez79@clinica.ec,2440636559,0976493501,Cardiología,2022-04-19
M0265,Hugo,Ruiz Chávez,druiz63,druiz63@clinica.ec,1451965741,0932195158,Neurología,2022-12-15
M0266,David,Jimenez Castro,djimenez57,djimenez57@clinica.ec,0450797378,0948553560,Oncología,2022-09-04
M0267,Paola,Cáceres Herrera,dcaceres67,dcaceres67@clinica.ec,0107705923,0971207242,Neumología,2020-02-21
M0268,Camila,Cáceres Rivera,dcaceres68,dcaceres68@clinica.ec,0123962391,0976601567,Dermatología,2021-12-03
M0269,Miguel,Espinoza Cruz,despinoza57,despinoza57@clinica.ec,0639669357,0920215462,Traumatología,2020-05-04
M0270,Teresa,Castro Sanchez,dcastro78,dcastro78@clinica.ec,1126624012,0928505964,Cardiología,2020-06-16
M0271,Fernanda,Cerda Vega,dcerda71,dcerda71@clinica.ec,0901074955,0951312926,Gastroenterología,2021-04-03
M0272,Eduardo,Cerda Reyes,dcerda72,dcerda72@clinica.ec,1218579785,0942714355,Neumología,2021-02-11
M0273,Rodrigo,Castillo Herrera,dcastillo51,dcastillo51@clinica.ec,1105747107,0997212975,Reumatología,2023-03-17
M0274,Ricardo,Castro Aguilar,dcastro79,dcastro79@clinica.ec,1206519710,0908473046,Ginecología,2021-04-04
M0275,David,Flores Medina,dflores60,dflores60@clinica.ec,1721666566,0997071930,Traumatología,2022-02-11
M0276,Antonio,Ramos Tapuy,dramos61,dramos61@clinica.ec,1437460627,0997890613,Reumatología,2021-12-27
M0277,Paola,Vega Medina,dvega71,dvega71@clinica.ec,1154121352,0902692911,Cardiología,2023-05-06
M0278,Marcela,Ramirez Cruz,dramirez85,dramirez85@clinica.ec,0337831101,0992400893,Cardiología,2022-03-04
M0279,Patricia,Rivera Martinez,drivera68,drivera68@clinica.ec,1413655372,0981999938,Oftalmología,2021-04-16
M0280,Victor,Alvarado Gonzalez,dalvarado75,dalvarado75@clinica.ec,1848518617,0995269099,Medicina General,2022-06-13
M0281,Ricardo,Ruiz Jimenez,druiz64,druiz64@clinica.ec,1500915648,0925596655,Pediatría,2022-02-21
M0282,Sandra,Jimenez Torres,djimenez58,djimenez58@clinica.ec,1348377829,0998127472,Oftalmología,2022-03-20
M0283,Jorge,Rivera Flores,drivera69,drivera69@clinica.ec,0134400621,0925440668,Cardiología,2020-09-18
M0284,Diego,Martinez Benítez,dmartinez67,dmartinez67@clinica.ec,1956031635,0926769927,Cardiología,2021-12-13
M0285,Valeria,Garcia Jimenez,dgarcia70,dgarcia70@clinica.ec,1523459673,0956383003,Oftalmología,2020-03-16
M0286,Diana,Castillo Morales,dcastillo52,dcastillo52@clinica.ec,1311283798,0905390588,Dermatología,2020-05-24
M0287,Victor,Alvarado Romero,dalvarado76,dalvarado76@clinica.ec,1314371624,0981319350,Traumatología,2021-07-10
M0288,Roberto,Ruiz Diaz,druiz65,druiz65@clinica.ec,2034705919,0954684762,Medicina General,2020-02-22
M0289,Daniela,Gomez Vargas,dgomez72,dgomez72@clinica.ec,2232026142,0947687797,Psiquiatría,2023-01-15
M0290,Valeria,Chávez Lopez,dchavez60,dchavez60@clinica.ec,0851613109,0995413128,Neumología,2021-05-31
M0291,Cristian,Rodriguez Alvarado,drodriguez75,drodriguez75@clinica.ec,0528569254,0902459873,Pediatría,2021-11-01
M0292,Natalia,Herrera Mendez,dherrera73,dherrera73@clinica.ec,1255406009,0984984847,Pediatría,2020-05-04
M0293,Patricio,Vargas Lopez,dvargas62,dvargas62@clinica.ec,2013816802,0900017912,Pediatría,2021-03-13
M0294,Pablo,Castro Rivera,dcastro80,dcastro80@clinica.ec,1641114093,0958428749,Psiquiatría,2021-04-15
M0295,David,Ramos Gonzalez,dramos62,dramos62@clinica.ec,1228162572,0914406455,Urología,2020-04-27
M0296,Fernanda,Rodriguez Benítez,drodriguez76,drodriguez76@clinica.ec,0147194641,0911187618,Oncología,2020-05-30
M0297,Patricio,Lopez Rodriguez,dlopez80,dlopez80@clinica.ec,1259494993,0988885704,Gastroenterología,2021-10-21
M0298,Fernando,Cáceres Alvarado,dcaceres69,dcaceres69@clinica.ec,1615165790,0997857007,Pediatría,2023-01-27
M0299,Alejandro,Morales Ruiz,dmorales61,dmorales61@clinica.ec,1012771851,0931527691,Oncología,2020-02-06
M0300,Diana,Flores Flores,dflores61,dflores61@clinica.ec,1754532180,0962616734,Psiquiatría,2023-11-28
M0301,Natalia,Sanchez Lopez,dsanchez62,dsanchez62@clinica.ec,0359220365,0912654692,Endocrinología,2023-05-26
M0302,Carmen,Torres Ruiz,dtorres61,dtorres61@clinica.ec,2339983070,0934168995,Oftalmología,2020-08-27
M0303,Sandra,Cáceres Garcia,dcaceres70,dcaceres70@clinica.ec,1808846776,0990821885,Psiquiatría,2022-09-21
M0304,Cristian,Espinoza Rivera,despinoza58,despinoza58@clinica.ec,2258440227,0975108544,Pediatría,2021-09-17
M0305,Victor,Figueroa Vargas,dfigueroa74,dfigueroa74@clinica.ec,0614888592,0947743170,Oftalmología,2023-09-02
M0306,Maria,Cerda Cáceres,dcerda73,dcerda73@clinica.ec,0712507607,0937403322,Oncología,2023-10-27
M0307,Elena,Aguilar Gonzalez,daguilar61,daguilar61@clinica.ec,0747810513,0907618480,Medicina General,2023-11-06
M0308,Lucia,Benítez Alvarado,dbenitez67,dbenitez67@clinica.ec,0318435468,0972873675,Urología,2020-12-25
M0309,Claudia,Gomez Flores,dgomez73,dgomez73@clinica.ec,0932220411,0991882434,Endocrinología,2022-08-21
M0310,Fernando,Gomez Rodriguez,dgomez74,dgomez74@clinica.ec,1505275550,0939770787,Neumología,2023-06-02
M0311,Ricardo,Ruiz Cáceres,druiz66,druiz66@clinica.ec,0815532759,0946306832,Medicina General,2023-05-14
M0312,Daniel,Aguilar Jimenez,daguilar62,daguilar62@clinica.ec,1210087324,0940201177,Gastroenterología,2023-02-23
M0313,Manuel,Flores Castro,dflores62,dflores62@clinica.ec,0400908299,0956478575,Psiquiatría,2023-08-13
M0314,Eduardo,Martinez Diaz,dmartinez68,dmartinez68@clinica.ec,0719936320,0939264187,Cardiología,2021-06-21
M0315,Isabel,Cerda Rodriguez,dcerda74,dcerda74@clinica.ec,0956969661,0970952757,Traumatología,2020-07-07
M0316,Laura,Flores Gomez,dflores63,dflores63@clinica.ec,0800777542,0903726964,Neurología,2021-07-07
M0317,Fabian,Mendez Castillo,dmendez73,dmendez73@clinica.ec,2216964409,0951149172,Traumatología,2020-09-22
M0318,Maria,Ruiz Vega,druiz67,druiz67@clinica.ec,2109579249,0921751400,Traumatología,2023-11-03
M0319,Maria,Perez Cruz,dperez72,dperez72@clinica.ec,1449739638,0964847471,Psiquiatría,2022-09-02
M0320,Carla,Gomez Cáceres,dgomez75,dgomez75@clinica.ec,0743803561,0997638182,Traumatología,2022-11-08
M0321,Rosa,Ramos Cáceres,dramos63,dramos63@clinica.ec,2140142965,0925508725,Oncología,2022-05-01
M0322,Mario,Rivera Morales,drivera70,drivera70@clinica.ec,2134907597,0947932002,Gastroenterología,2021-11-18
M0323,Diego,Flores Perez,dflores64,dflores64@clinica.ec,0506992288,0956272619,Neurología,2020-09-10
M0324,Sergio,Mendez Medina,dmendez74,dmendez74@clinica.ec,2306050531,0993222784,Pediatría,2021-09-06
M0325,Lucia,Ramirez Ramirez,dramirez86,dramirez86@clinica.ec,2209253216,0939858842,Medicina General,2023-11-05
M0326,Sergio,Ramos Ramirez,dramos64,dramos64@clinica.ec,1644820324,0929402713,Gastroenterología,2020-12-18
M0327,Monica,Ruiz Guzmán,druiz68,druiz68@clinica.ec,1909258731,0932692324,Pediatría,2021-04-05
M0328,Carla,Grefa Espinoza,dgrefa78,dgrefa78@clinica.ec,0215081803,0906085398,Endocrinología,2021-08-23
M0329,Isabel,Reyes Vargas,dreyes78,dreyes78@clinica.ec,1524477443,0904153503,Neurología,2022-03-30
M0330,Sofia,Alvarado Cáceres,dalvarado77,dalvarado77@clinica.ec,2230250256,0921427667,Traumatología,2021-03-26
M0331,Pablo,Torres Reyes,dtorres62,dtorres62@clinica.ec,1613162666,0960804872,Endocrinología,2021-01-08
M0332,Sergio,Ramos Alvarado,dramos65,dramos65@clinica.ec,2412675841,0907716218,Pediatría,2020-12-17
M0333,Rosa,Cáceres Ramos,dcaceres71,dcaceres71@clinica.ec,0848126579,0971601418,Traumatología,2023-07-26
M0334,Patricio,Ramirez Cáceres,dramirez87,dramirez87@clinica.ec,1653261246,0932584968,Endocrinología,2021-06-20
M0335,Lucia,Martinez Diaz,dmartinez69,dmartinez69@clinica.ec,2201655632,0928476517,Psiquiatría,2021-05-21
M0336,Victor,Gonzalez Ruiz,dgonzalez76,dgonzalez76@clinica.ec,1315181295,0934093193,Neumología,2023-07-16
M0337,Elena,Mendez Rodriguez,dmendez75,dmendez75@clinica.ec,2337138289,0916523976,Pediatría,2023-10-02
M0338,Fabian,Castillo Sanchez,dcastillo53,dcastillo53@clinica.ec,0219217882,0987008783,Neumología,2023-05-04
M0339,Daniel,Ruiz Benítez,druiz69,druiz69@clinica.ec,1028740262,0977520044,Gastroenterología,2023-09-13
M0340,Carlos,Martinez Perez,dmartinez70,dmartinez70@clinica.ec,0355125964,0957419249,Ginecología,2020-06-07
M0341,Maria,Vega Ruiz,dvega72,dvega72@clinica.ec,1638606341,0990861406,Medicina General,2020-11-15
M0342,Fernanda,Jimenez Castillo,djimenez59,djimenez59@clinica.ec,1457407276,0968804512,Medicina General,2021-08-06
M0343,Oscar,Reyes Benítez,dreyes79,dreyes79@clinica.ec,0516302742,0941162518,Traumatología,2022-11-06
M0344,Sebastian,Reyes Castro,dreyes80,dreyes80@clinica.ec,0316707959,0972180164,Oftalmología,2023-04-09
M0345,Sergio,Gomez Tapuy,dgomez76,dgomez76@clinica.ec,2310220872,0993995236,Oftalmología,2021-08-06
M0346,Fernando,Vargas Castro,dvargas63,dvargas63@clinica.ec,0337500250,0924325966,Endocrinología,2020-06-02
M0347,Patricia,Benítez Castillo,dbenitez68,dbenitez68@clinica.ec,0121228555,0920651439,Neumología,2021-08-02
M0348,Isabel,Aguilar Ramos,daguilar63,daguilar63@clinica.ec,2133542809,0929624889,Oftalmología,2023-10-21
M0349,Verónica,Jimenez Medina,djimenez60,djimenez60@clinica.ec,1806378525,0902851370,Oftalmología,2022-01-12
M0350,Sofia,Vega Castro,dvega73,dvega73@clinica.ec,0942020298,0951070313,Psiquiatría,2022-10-23
M0351,Diego,Shiguango Reyes,dshiguango63,dshiguango63@clinica.ec,2348839792,0941886038,Ginecología,2020-11-19
M0352,Laura,Ortega Reyes,dortega72,dortega72@clinica.ec,2034912598,0995047912,Cardiología,2020-08-04
M0353,Silvia,Romero Martinez,dromero75,dromero75@clinica.ec,0415760545,0953688883,Neumología,2022-03-14
M0354,Oscar,Vargas Morales,dvargas64,dvargas64@clinica.ec,1608323158,0924615605,Oncología,2022-04-24
M0355,Fabian,Cerda Diaz,dcerda75,dcerda75@clinica.ec,1628078808,0948724773,Urología,2023-07-11
M0356,Andres,Garcia Ruiz,dgarcia71,dgarcia71@clinica.ec,2344551227,0940508110,Neumología,2023-04-19
M0357,Isabel,Sanchez Castillo,dsanchez63,dsanchez63@clinica.ec,1535888273,0985728450,Urología,2022-07-15
M0358,Laura,Sanchez Cáceres,dsanchez64,dsanchez64@clinica.ec,1908348798,0937547327,Oftalmología,2021-05-10
M0359,Beatriz,Diaz Jimenez,ddiaz63,ddiaz63@clinica.ec,1159302312,0915796856,Ginecología,2022-05-06
M0360,Luis,Gomez Flores,dgomez77,dgomez77@clinica.ec,0326432465,0974698256,Pediatría,2022-03-01
M0361,Carlos,Torres Jimenez,dtorres63,dtorres63@clinica.ec,1845474590,0963393793,Oftalmología,2022-10-10
M0362,Miguel,Sanchez Romero,dsanchez65,dsanchez65@clinica.ec,1909425348,0925906453,Urología,2022-01-06
M0363,Maria,Benítez Ramirez,dbenitez69,dbenitez69@clinica.ec,1827383553,0983074480,Dermatología,2021-03-01
M0364,Luis,Reyes Ruiz,dreyes81,dreyes81@clinica.ec,0101026870,0967257110,Neumología,2022-02-20
M0365,Andrea,Lopez Medina,dlopez81,dlopez81@clinica.ec,0841677974,0936721583,Oftalmología,2023-04-25
M0366,Lorena,Morales Martinez,dmorales62,dmorales62@clinica.ec,2345119511,0948472507,Gastroenterología,2023-01-29
M0367,Monica,Vargas Cruz,dvargas65,dvargas65@clinica.ec,1606504429,0980567159,Neumología,2023-02-16
M0368,Raul,Aguilar Rodriguez,daguilar64,daguilar64@clinica.ec,0507098515,0957943870,Ginecología,2023-08-30
M0369,Andrea,Ruiz Gomez,druiz70,druiz70@clinica.ec,1748395785,0998413099,Endocrinología,2020-04-22
M0370,Andrea,Alvarado Martinez,dalvarado78,dalvarado78@clinica.ec,2324423173,0928668819,Traumatología,2023-08-03
M0371,Carmen,Aguilar Grefa,daguilar65,daguilar65@clinica.ec,0618348296,0985623717,Cardiología,2022-12-12
M0372,Roberto,Rodriguez Cerda,drodriguez77,drodriguez77@clinica.ec,1318276043,0994834309,Oncología,2021-08-02
M0373,Teresa,Herrera Chávez,dherrera74,dherrera74@clinica.ec,1430987766,0913541918,Oftalmología,2023-06-14
M0374,Daniela,Castro Alvarado,dcastro81,dcastro81@clinica.ec,0138375449,0922400837,Medicina General,2020-07-07
M0375,Gabriela,Figueroa Torres,dfigueroa75,dfigueroa75@clinica.ec,0108954629,0904993814,Reumatología,2022-05-23
M0376,Fernando,Jimenez Aguilar,djimenez61,djimenez61@clinica.ec,0410877559,0980506901,Neurología,2020-04-29
M0377,Jorge,Gonzalez Grefa,dgonzalez77,dgonzalez77@clinica.ec,1754126397,0968014279,Oftalmología,2023-10-15
M0378,Manuel,Jimenez Ramos,djimenez62,djimenez62@clinica.ec,1727295105,0964404804,Reumatología,2022-02-24
M0379,Manuel,Castro Cruz,dcastro82,dcastro82@clinica.ec,0406064345,0980794606,Traumatología,2020-05-23
M0380,Antonio,Grefa Gomez,dgrefa79,dgrefa79@clinica.ec,0738894724,0926241794,Neumología,2023-04-04
M0381,Maria,Chávez Figueroa,dchavez61,dchavez61@clinica.ec,1330889708,0972540486,Gastroenterología,2022-02-13
M0382,Sandra,Romero Lopez,dromero76,dromero76@clinica.ec,1709372252,0961667591,Cardiología,2022-07-10
M0383,Laura,Shiguango Sanchez,dshiguango64,dshiguango64@clinica.ec,0513213710,0923942266,Endocrinología,2021-02-23
M0384,Alejandro,Benítez Shiguango,dbenitez70,dbenitez70@clinica.ec,1749239289,0928737906,Traumatología,2022-06-19
M0385,Marcela,Gonzalez Ramos,dgonzalez78,dgonzalez78@clinica.ec,1203852635,0960807138,Psiquiatría,2023-09-17
M0386,Valeria,Figueroa Mendez,dfigueroa76,dfigueroa76@clinica.ec,1324051877,0917961466,Medicina General,2021-08-20
M0387,Laura,Jimenez Espinoza,djimenez63,djimenez63@clinica.ec,0232799080,0908269113,Cardiología,2021-11-28
M0388,Laura,Ramirez Jimenez,dramirez88,dramirez88@clinica.ec,1946537147,0956158408,Endocrinología,2023-09-07
M0389,Verónica,Perez Ruiz,dperez73,dperez73@clinica.ec,2042437661,0906526551,Endocrinología,2023-10-14
M0390,David,Guzmán Herrera,dguzman70,dguzman70@clinica.ec,1519564205,0991019822,Neurología,2020-06-21
M0391,Monica,Lopez Grefa,dlopez82,dlopez82@clinica.ec,0340720358,0912502978,Traumatología,2022-04-17
M0392,Carla,Cáceres Reyes,dcaceres72,dcaceres72@clinica.ec,0237337050,0933590136,Urología,2020-12-01
M0393,Fabian,Castillo Ramirez,dcastillo54,dcastillo54@clinica.ec,1707239750,0926263179,Cardiología,2023-01-13
M0394,Daniel,Gomez Diaz,dgomez78,dgomez78@clinica.ec,2333225452,0975901321,Urología,2020-12-01
M0395,Daniela,Torres Espinoza,dtorres64,dtorres64@clinica.ec,1112100001,0914595356,Dermatología,2022-07-17
M0396,Valeria,Benítez Castillo,dbenitez71,dbenitez71@clinica.ec,0352867246,0949898307,Neumología,2022-05-12
M0397,Cristian,Castillo Figueroa,dcastillo55,dcastillo55@clinica.ec,1622908059,0993365305,Cardiología,2023-02-15
M0398,Camila,Flores Flores,dflores65,dflores65@clinica.ec,0222435497,0916720742,Ginecología,2020-01-18
M0399,Sergio,Mendez Ramirez,dmendez76,dmendez76@clinica.ec,1639021060,0938170159,Endocrinología,2021-08-08
M0400,Mario,Tapuy Gomez,dtapuy75,dtapuy75@clinica.ec,2202275224,0990146992,Gastroenterología,2020-07-19
M0401,Cristian,Cruz Aguilar,dcruz76,dcruz76@clinica.ec,0901970624,0961673014,Dermatología,2022-09-16
M0402,Natalia,Sanchez Grefa,dsanchez66,dsanchez66@clinica.ec,2257808887,0973855355,Dermatología,2020-02-18
M0403,Sergio,Rivera Rodriguez,drivera71,drivera71@clinica.ec,2323769097,0978639367,Oftalmología,2023-05-09
M0404,Beatriz,Herrera Cruz,dherrera75,dherrera75@clinica.ec,0820054377,0947432105,Ginecología,2022-05-27
M0405,Rodrigo,Gomez Shiguango,dgomez79,dgomez79@clinica.ec,1629411446,0903275710,Urología,2020-07-21
M0406,Miguel,Castro Gomez,dcastro83,dcastro83@clinica.ec,0835707027,0950723541,Medicina General,2022-04-02
M0407,Gabriela,Aguilar Gonzalez,daguilar66,daguilar66@clinica.ec,0840243323,0956803972,Endocrinología,2021-09-09
M0408,Fabian,Flores Cerda,dflores66,dflores66@clinica.ec,2040126464,0933537003,Gastroenterología,2021-08-11
M0409,Isabel,Vega Jimenez,dvega74,dvega74@clinica.ec,1620078970,0913774870,Gastroenterología,2020-04-23
M0410,Rodrigo,Figueroa Morales,dfigueroa77,dfigueroa77@clinica.ec,1628270470,0954881840,Neumología,2021-07-29
M0411,Valeria,Garcia Vargas,dgarcia72,dgarcia72@clinica.ec,0844689745,0989502141,Gastroenterología,2020-07-27
M0412,Nicolas,Herrera Shiguango,dherrera76,dherrera76@clinica.ec,1806862189,0956771580,Oftalmología,2022-02-16
M0413,Carmen,Rodriguez Romero,drodriguez78,drodriguez78@clinica.ec,1825553447,0972761705,Reumatología,2021-11-13
M0414,Claudia,Castillo Garcia,dcastillo56,dcastillo56@clinica.ec,0236093506,0945542508,Oncología,2022-02-12
M0415,Patricia,Cerda Medina,dcerda76,dcerda76@clinica.ec,1627924937,0936618366,Gastroenterología,2020-10-04
M0416,Ana,Espinoza Shiguango,despinoza59,despinoza59@clinica.ec,1623861414,0939242364,Pediatría,2020-10-16
M0417,Manuel,Shiguango Ramos,dshiguango65,dshiguango65@clinica.ec,1023660093,0937713974,Ginecología,2023-06-08
M0418,Sebastian,Gomez Ramirez,dgomez80,dgomez80@clinica.ec,1827399526,0997181449,Neurología,2022-02-13
M0419,Alejandro,Torres Alvarado,dtorres65,dtorres65@clinica.ec,1512500537,0985778815,Psiquiatría,2020-08-03
M0420,Gabriel,Morales Vega,dmorales63,dmorales63@clinica.ec,0313069122,0991676458,Ginecología,2022-10-14
M0421,Elena,Benítez Castro,dbenitez72,dbenitez72@clinica.ec,0806383279,0942918863,Reumatología,2020-06-04
M0422,Fernanda,Ramos Shiguango,dramos66,dramos66@clinica.ec,2043832936,0937469943,Psiquiatría,2022-04-01
M0423,Ricardo,Garcia Perez,dgarcia73,dgarcia73@clinica.ec,1615425251,0904529597,Oncología,2020-07-06
M0424,Hugo,Mendez Lopez,dmendez77,dmendez77@clinica.ec,0448458570,0935634410,Dermatología,2021-06-21
M0425,Ricardo,Castro Medina,dcastro84,dcastro84@clinica.ec,2345877449,0960392750,Traumatología,2021-03-10
M0426,Maria,Garcia Tapuy,dgarcia74,dgarcia74@clinica.ec,1937812046,0983484461,Pediatría,2020-06-13
M0427,Eduardo,Mendez Benítez,dmendez78,dmendez78@clinica.ec,1109409753,0945963857,Reumatología,2023-12-21
M0428,Rosa,Guzmán Flores,dguzman71,dguzman71@clinica.ec,1137173165,0990108038,Cardiología,2022-06-08
M0429,Valeria,Romero Perez,dromero77,dromero77@clinica.ec,0229755442,0971849409,Traumatología,2021-04-01
M0430,Fernando,Shiguango Benítez,dshiguango66,dshiguango66@clinica.ec,1735649376,0911751781,Reumatología,2022-03-24
M0431,Sebastian,Figueroa Flores,dfigueroa78,dfigueroa78@clinica.ec,1309714226,0906771143,Psiquiatría,2020-08-19
M0432,Verónica,Medina Romero,dmedina73,dmedina73@clinica.ec,2127045066,0987544761,Urología,2020-07-03
M0433,Luis,Flores Castro,dflores67,dflores67@clinica.ec,0354962375,0973996830,Dermatología,2021-09-25
M0434,Isabel,Herrera Rodriguez,dherrera77,dherrera77@clinica.ec,0701088635,0975161732,Reumatología,2021-10-13
M0435,Manuel,Rodriguez Martinez,drodriguez79,drodriguez79@clinica.ec,0829956002,0960056844,Gastroenterología,2022-01-18
M0436,Ana,Tapuy Martinez,dtapuy76,dtapuy76@clinica.ec,2210888562,0911102697,Pediatría,2020-08-22
M0437,Gabriel,Chávez Martinez,dchavez62,dchavez62@clinica.ec,1948862121,0936602874,Pediatría,2021-10-14
M0438,Diana,Gonzalez Martinez,dgonzalez79,dgonzalez79@clinica.ec,1806825160,0993043565,Urología,2021-09-04
M0439,Gabriela,Morales Rodriguez,dmorales64,dmorales64@clinica.ec,0348005372,0995942430,Endocrinología,2023-04-17
M0440,Alejandro,Jimenez Aguilar,djimenez64,djimenez64@clinica.ec,2036013965,0982455715,Cardiología,2021-08-26
M0441,Silvia,Grefa Cruz,dgrefa80,dgrefa80@clinica.ec,0626108328,0956075998,Gastroenterología,2020-03-15
M0442,Sebastian,Grefa Flores,dgrefa81,dgrefa81@clinica.ec,1919737831,0960062361,Reumatología,2023-01-25
M0443,Fabian,Aguilar Lopez,daguilar67,daguilar67@clinica.ec,1933690206,0929274633,Oftalmología,2021-08-23
M0444,Daniel,Rodriguez Torres,drodriguez80,drodriguez80@clinica.ec,1102754791,0918186852,Pediatría,2022-11-19
M0445,Jorge,Ramos Rodriguez,dramos67,dramos67@clinica.ec,0346606791,0953552051,Endocrinología,2020-02-10
M0446,Ricardo,Vega Alvarado,dvega75,dvega75@clinica.ec,2117451555,0926569116,Traumatología,2022-04-13
M0447,Patricio,Espinoza Rivera,despinoza60,despinoza60@clinica.ec,0139724124,0957338679,Gastroenterología,2020-02-02
M0448,Lorena,Diaz Cruz,ddiaz64,ddiaz64@clinica.ec,1701189985,0984273576,Neumología,2022-02-01
M0449,Teresa,Garcia Espinoza,dgarcia75,dgarcia75@clinica.ec,1005764244,0923657445,Urología,2020-04-01
M0450,Manuel,Ruiz Benítez,druiz71,druiz71@clinica.ec,1122685421,0905958953,Reumatología,2022-03-21
M0451,Carmen,Ramos Diaz,dramos68,dramos68@clinica.ec,0524231412,0939362392,Urología,2021-02-12
M0452,Laura,Guzmán Cerda,dguzman72,dguzman72@clinica.ec,2200628937,0976402783,Psiquiatría,2023-07-18
M0453,Monica,Rivera Gonzalez,drivera72,drivera72@clinica.ec,0941550295,0938185873,Endocrinología,2022-04-19
M0454,Alejandro,Ortega Reyes,dortega73,dortega73@clinica.ec,0739079739,0979968065,Traumatología,2021-02-13
M0455,Beatriz,Perez Lopez,dperez74,dperez74@clinica.ec,0549596955,0928402786,Medicina General,2021-08-14
M0456,Jorge,Morales Ruiz,dmorales65,dmorales65@clinica.ec,2053003915,0910925099,Ginecología,2023-01-24
M0457,Patricia,Romero Jimenez,dromero78,dromero78@clinica.ec,1152235063,0941256932,Oftalmología,2022-03-23
M0458,Diana,Vargas Lopez,dvargas66,dvargas66@clinica.ec,1755880794,0945725086,Ginecología,2022-09-23
M0459,Jorge,Rivera Shiguango,drivera73,drivera73@clinica.ec,2002221303,0945790723,Reumatología,2020-05-18
M0460,Cristian,Figueroa Mendez,dfigueroa79,dfigueroa79@clinica.ec,1909847244,0987748710,Dermatología,2023-02-13
M0461,Fernanda,Sanchez Grefa,dsanchez67,dsanchez67@clinica.ec,0608207304,0937165076,Urología,2023-10-12
M0462,Carla,Martinez Chávez,dmartinez71,dmartinez71@clinica.ec,1858999921,0964074603,Psiquiatría,2023-09-10
M0463,Claudia,Rivera Jimenez,drivera74,drivera74@clinica.ec,1159862430,0944263555,Reumatología,2020-12-14
M0464,Oscar,Chávez Espinoza,dchavez63,dchavez63@clinica.ec,1910342300,0957768347,Neumología,2020-03-09
M0465,Monica,Perez Grefa,dperez75,dperez75@clinica.ec,0846507770,0916369819,Ginecología,2021-06-21
M0466,Gabriel,Benítez Grefa,dbenitez73,dbenitez73@clinica.ec,1605173911,0965513487,Urología,2021-05-13
M0467,Elena,Cerda Ramirez,dcerda77,dcerda77@clinica.ec,2203034489,0989636178,Endocrinología,2020-06-03
M0468,Elena,Cerda Gonzalez,dcerda78,dcerda78@clinica.ec,2459255580,0932876178,Oftalmología,2020-09-20
M0469,Fabian,Gonzalez Herrera,dgonzalez80,dgonzalez80@clinica.ec,2014753442,0940285771,Cardiología,2020-06-21
M0470,Sofia,Diaz Ortega,ddiaz65,ddiaz65@clinica.ec,1635469099,0936595820,Neurología,2020-10-29
M0471,Diana,Perez Diaz,dperez76,dperez76@clinica.ec,0924418700,0919718204,Oncología,2020-09-28
M0472,Carlos,Castillo Benítez,dcastillo57,dcastillo57@clinica.ec,1243407408,0946430636,Medicina General,2023-08-22
M0473,Luis,Espinoza Perez,despinoza61,despinoza61@clinica.ec,1302106933,0925003037,Traumatología,2023-06-19
M0474,Luis,Perez Romero,dperez77,dperez77@clinica.ec,0724315387,0932304096,Oncología,2020-02-16
M0475,Carmen,Martinez Ramirez,dmartinez72,dmartinez72@clinica.ec,1449243672,0954208107,Psiquiatría,2023-01-23
M0476,Isabel,Alvarado Shiguango,dalvarado79,dalvarado79@clinica.ec,0526377353,0953089302,Neurología,2023-11-11
M0477,Adriana,Rivera Morales,drivera75,drivera75@clinica.ec,1059400885,0933443544,Medicina General,2021-01-08
M0478,Rosa,Vega Garcia,dvega76,dvega76@clinica.ec,1808480352,0956109582,Dermatología,2020-05-02
M0479,Miguel,Shiguango Morales,dshiguango67,dshiguango67@clinica.ec,1402365538,0945680319,Psiquiatría,2020-11-21
M0480,Roberto,Flores Grefa,dflores68,dflores68@clinica.ec,0615740685,0931169085,Neumología,2023-11-13
M0481,Pablo,Martinez Flores,dmartinez73,dmartinez73@clinica.ec,1300861539,0902907454,Pediatría,2021-03-28
M0482,Monica,Vega Gomez,dvega77,dvega77@clinica.ec,2129418733,0945915136,Reumatología,2022-08-03
M0483,Rodrigo,Martinez Aguilar,dmartinez74,dmartinez74@clinica.ec,0539689497,0914129735,Medicina General,2022-09-09
M0484,Roberto,Perez Reyes,dperez78,dperez78@clinica.ec,1217885704,0940846865,Neurología,2023-10-26
M0485,Andrea,Ruiz Flores,druiz72,druiz72@clinica.ec,1527806226,0961443145,Gastroenterología,2020-01-16
M0486,Diana,Gomez Herrera,dgomez81,dgomez81@clinica.ec,0350164521,0906350559,Medicina General,2021-12-26
M0487,Patricio,Vega Romero,dvega78,dvega78@clinica.ec,0604717983,0911916072,Pediatría,2020-05-02
M0488,Teresa,Herrera Chávez,dherrera78,dherrera78@clinica.ec,0305536740,0944418893,Medicina General,2023-03-26
M0489,Valeria,Lopez Chávez,dlopez83,dlopez83@clinica.ec,2035757059,0954827683,Cardiología,2022-10-25
M0490,Patricio,Espinoza Ramirez,despinoza62,despinoza62@clinica.ec,0934708793,0931797766,Oftalmología,2021-01-28
M0491,Gabriel,Morales Guzmán,dmorales66,dmorales66@clinica.ec,0605834647,0984699382,Urología,2021-11-27
M0492,Beatriz,Castro Flores,dcastro85,dcastro85@clinica.ec,0831272356,0950616950,Cardiología,2022-02-02
M0493,Cristian,Torres Chávez,dtorres66,dtorres66@clinica.ec,0219635976,0945682561,Cardiología,2022-03-27
M0494,David,Perez Medina,dperez79,dperez79@clinica.ec,0831842463,0984732779,Ginecología,2021-08-28
M0495,Manuel,Benítez Garcia,dbenitez74,dbenitez74@clinica.ec,1925950774,0969692264,Neurología,2021-01-06
M0496,Pablo,Benítez Shiguango,dbenitez75,dbenitez75@clinica.ec,1613807757,0923480552,Ginecología,2023-07-20
M0497,Diana,Jimenez Ortega,djimenez65,djimenez65@clinica.ec,0334886678,0922366140,Urología,2023-02-25
M0498,Andrea,Morales Cáceres,dmorales67,dmorales67@clinica.ec,2430865028,0970114533,Reumatología,2022-03-29
M0499,Silvia,Ramirez Shiguango,dramirez89,dramirez89@clinica.ec,1346202789,0976260400,Psiquiatría,2021-08-31
M0500,Alejandro,Herrera Diaz,dherrera79,dherrera79@clinica.ec,0539267120,0981007630,Gastroenterología,2022-04-16
M0501,Debora,Tapia,DeboraTa,Deby@gmail.com,1711643468,0987005959,Urología,2026-05-23
